[{"type":"row","layout":"66","settings":{"name":"Top Bar","background_color":"","color":"","background_image":"","background_repeat":"no-repeat","background_size":"cover","background_attachment":"fixed","background_position":"0 0","link_color":"","link_hover_color":"","hidden_xs":0,"hidden_sm":0,"hidden_md":0,"padding":"","margin":"","fluidrow":0,"custom_class":"","bg_position":"contain","bg_img_size":"cover","bg_repeat":"no-repeat","md_hidden":0,"ms_hidden":0,"xs_hidden":0,"text_color":"#ffffff","bg_image":"images/powered_by.png","bg_color":"#f02222"},"attr":[{"type":"sp_col","className":"layout-column col-sm-6","settings":{"column_type":0,"name":"top1","custom_class":"","sortableitem":"[object Object]","xs_hidden":0,"ms_hidden":0,"md_hidden":0}},{"type":"sp_col","className":"layout-column col-sm-6 column-active","settings":{"xs_col":"","sm_col":"","hidden_md":0,"hidden_sm":0,"hidden_xs":0,"column_type":0,"sortableitem":"[object Object]","name":"top2","xs_hidden":0,"ms_hidden":0,"md_hidden":0,"custom_class":"vina-top2"}}]},{"type":"row","layout":"39","settings":{"name":"Header","background_color":"","color":"","background_image":"","link_color":"","link_hover_color":"","hidden_xs":0,"hidden_sm":0,"hidden_md":0,"padding":"","margin":"","fluidrow":0,"custom_class":""},"attr":[{"type":"sp_col","className":"layout-column col-sm-3","settings":{"column_type":0,"name":"logo","hidden_xs":0,"hidden_sm":0,"hidden_md":0,"sm_col":"","xs_col":"","custom_class":"","xs_hidden":0,"ms_hidden":0,"md_hidden":0,"sortableitem":"[object Object]"}},{"type":"sp_col","className":"layout-column col-sm-9","settings":{"column_type":0,"xs_col":"","sm_col":"","hidden_md":0,"hidden_sm":0,"hidden_xs":0,"name":"header-right","xs_hidden":0,"ms_hidden":0,"md_hidden":0,"custom_class":"","sortableitem":"[object Object]"}}]},{"type":"row","layout":"39","settings":{"custom_class":"","fluidrow":0,"margin":"","padding":"","hidden_md":0,"hidden_sm":0,"hidden_xs":0,"link_hover_color":"","link_color":"","background_image":"","color":"","background_color":"","name":"Category Menu"},"attr":[{"type":"sp_col","className":"layout-column col-sm-3","settings":{"column_type":0,"sortableitem":"[object Object]","custom_class":"","xs_col":"","sm_col":"","hidden_md":0,"hidden_sm":0,"hidden_xs":0,"name":"category-shop"}},{"type":"sp_col","className":"layout-column col-sm-9","settings":{"column_type":0,"custom_class":"","xs_col":"","sm_col":"","hidden_md":0,"hidden_sm":0,"hidden_xs":0,"name":"menu"}}]},{"type":"row","layout":12,"settings":{"custom_class":"","fluidrow":0,"margin":"","padding":"","hidden_md":0,"hidden_sm":0,"hidden_xs":0,"link_hover_color":"","link_color":"","background_image":"","color":"","background_color":"","name":"Breadcrumbs"},"attr":[{"type":"sp_col","className":"layout-column col-sm-12","settings":{"custom_class":"","xs_col":"","sm_col":"","hidden_md":0,"hidden_sm":0,"hidden_xs":0,"name":"breadcrumb","column_type":0}}]},{"type":"row","layout":"39","settings":{"custom_class":"","fluidrow":0,"margin":"","padding":"","hidden_md":0,"hidden_sm":0,"hidden_xs":0,"link_hover_color":"","link_color":"","background_image":"","color":"","background_color":"","name":"Slide"},"attr":[{"type":"sp_col","className":"layout-column col-sm-3","settings":{"column_type":0,"custom_class":"","xs_col":"","sm_col":"","hidden_md":0,"hidden_sm":0,"hidden_xs":0,"name":"banner-slider","sortableitem":"[object Object]"}},{"type":"sp_col","className":"layout-column col-sm-9","settings":{"column_type":0,"custom_class":"","xs_col":"","sm_col":"","hidden_md":0,"hidden_sm":0,"hidden_xs":0,"name":"feature"}}]},{"type":"row","layout":"39","settings":{"custom_class":"","fluidrow":0,"margin":"30px 0px","padding":"","hidden_md":0,"hidden_sm":0,"hidden_xs":0,"link_hover_color":"","link_color":"","background_image":"","color":"","background_color":"","name":"Banner"},"attr":[{"type":"sp_col","className":"layout-column col-sm-3","settings":{"custom_class":"","xs_col":"","sm_col":"","hidden_md":0,"hidden_sm":0,"hidden_xs":0,"name":"banner-1","column_type":0,"sortableitem":"[object Object]"}},{"type":"sp_col","className":"layout-column col-sm-9","settings":{"custom_class":"","xs_col":"","sm_col":"","hidden_md":0,"hidden_sm":0,"hidden_xs":0,"name":"banner-2","column_type":0}}]},{"type":"row","layout":"363","settings":{"name":"Main Body","link_color":"","link_hover_color":"","custom_class":"","md_hidden":0,"ms_hidden":0,"xs_hidden":0,"text_color":"","bg_image":"","bg_color":""},"attr":[{"type":"sp_col","className":"layout-column col-sm-3","settings":{"column_type":0,"name":"left","xs_hidden":0,"ms_hidden":0,"md_hidden":0,"custom_class":"custom-class","sortableitem":"[object Object]"}},{"type":"sp_col","className":"layout-column col-sm-6","settings":{"column_type":1,"name":"","custom_class":"","md_hidden":0,"ms_hidden":0,"xs_hidden":0,"sortableitem":"[object Object]"}},{"type":"sp_col","className":"layout-column col-sm-3","settings":{"column_type":0,"custom_class":"class2","md_hidden":0,"ms_hidden":0,"xs_hidden":0,"name":"right","sortableitem":"[object Object]"}}]},{"type":"row","layout":"39","settings":{"custom_class":"","fluidrow":0,"margin":"","padding":"","hidden_md":0,"hidden_sm":0,"hidden_xs":0,"link_hover_color":"","link_color":"","background_image":"","color":"","background_color":"","name":"main-home1"},"attr":[{"type":"sp_col","className":"layout-column col-sm-3","settings":{"custom_class":"","xs_col":"","sm_col":"","hidden_md":0,"hidden_sm":0,"hidden_xs":0,"name":"home1-left","column_type":0,"sortableitem":"[object Object]"}},{"type":"sp_col","className":"layout-column col-sm-9","settings":{"custom_class":"","xs_col":"","sm_col":"","hidden_md":0,"hidden_sm":0,"hidden_xs":0,"name":"home1-component","column_type":0}}]},{"type":"row","layout":12,"settings":{"custom_class":"","fluidrow":0,"margin":"30px 0px","padding":"","hidden_md":0,"hidden_sm":0,"hidden_xs":0,"link_hover_color":"","link_color":"","background_image":"","color":"","background_color":"","name":"Top Category Wrapper"},"attr":[{"type":"sp_col","className":"layout-column col-sm-12","settings":{"sortableitem":"[object Object]","column_type":0,"name":"top-category","hidden_xs":0,"hidden_sm":0,"hidden_md":0,"sm_col":"","xs_col":"","custom_class":""}}]},{"type":"row","layout":12,"settings":{"custom_class":"","fluidrow":0,"margin":"","padding":"","hidden_md":0,"hidden_sm":0,"hidden_xs":0,"link_hover_color":"","link_color":"","background_image":"","color":"","background_color":"","name":"Popular Brand Wrapper"},"attr":[{"type":"sp_col","className":"layout-column col-sm-12","settings":{"custom_class":"","xs_col":"","sm_col":"","hidden_md":0,"hidden_sm":0,"hidden_xs":0,"name":"popular-brand","column_type":0}}]},{"type":"row","layout":"39","settings":{"custom_class":"","fluidrow":0,"margin":"","padding":"15px 0px","hidden_md":0,"hidden_sm":0,"hidden_xs":0,"link_hover_color":"","link_color":"","background_image":"","color":"","background_color":"#404048","name":"Newsletter Social"},"attr":[{"type":"sp_col","className":"layout-column col-sm-9","settings":{"custom_class":"","xs_col":"","sm_col":"","hidden_md":0,"hidden_sm":0,"hidden_xs":0,"name":"newsletter","column_type":0}},{"type":"sp_col","className":"layout-column col-sm-3","settings":{"sortableitem":"[object Object]","custom_class":"","xs_col":"","sm_col":"","hidden_md":0,"hidden_sm":0,"hidden_xs":0,"name":"social","column_type":0}}]},{"type":"row","layout":"3333","settings":{"name":"Bottom","background_color":"#eaeaea","color":"","background_image":"","link_color":"","link_hover_color":"","hidden_xs":0,"hidden_sm":0,"hidden_md":0,"padding":"30px 0px","margin":"","fluidrow":0,"custom_class":""},"attr":[{"type":"sp_col","className":"layout-column col-sm-3","settings":{"column_type":0,"name":"bottom1","hidden_xs":0,"hidden_sm":0,"hidden_md":0,"sm_col":"col-sm-6","xs_col":"","custom_class":"","sortableitem":"[object Object]"}},{"type":"sp_col","className":"layout-column col-sm-3","settings":{"column_type":0,"custom_class":"","xs_col":"","sm_col":"col-sm-6","hidden_md":0,"hidden_sm":0,"hidden_xs":0,"name":"bottom2"}},{"type":"sp_col","className":"layout-column col-sm-3","settings":{"column_type":0,"custom_class":"","xs_col":"","sm_col":"col-sm-6","hidden_md":0,"hidden_sm":0,"hidden_xs":0,"name":"bottom3"}},{"type":"sp_col","className":"layout-column col-sm-3","settings":{"column_type":0,"custom_class":"","xs_col":"","sm_col":"col-sm-6","hidden_md":0,"hidden_sm":0,"hidden_xs":0,"name":"bottom4"}}]},{"type":"row","layout":"66","settings":{"fluidrow":0,"margin":"","padding":"30px 0px","hidden_md":0,"hidden_sm":0,"hidden_xs":0,"background_image":"","color":"#666666","background_color":"#e1e1e1","custom_class":"","md_hidden":0,"ms_hidden":0,"xs_hidden":0,"link_hover_color":"","link_color":"","text_color":"","bg_image":"","bg_color":"","name":"Footer"},"attr":[{"type":"sp_col","className":"layout-column col-sm-6","settings":{"sortableitem":"[object Object]","column_type":0,"xs_col":"","sm_col":"","hidden_md":0,"hidden_sm":0,"hidden_xs":0,"name":"footer1","xs_hidden":0,"ms_hidden":0,"md_hidden":0,"custom_class":""}},{"type":"sp_col","className":"layout-column col-sm-6","settings":{"custom_class":"","xs_col":"","sm_col":"","hidden_md":0,"hidden_sm":0,"hidden_xs":0,"name":"footer2","column_type":0}}]}]